{"cameraMode":{"drawMode":0,"name":"Shaded","section":"Shading Mode"},"sceneLighting":false,"audioPlay":false,"sceneViewState":{"m_AlwaysRefresh":false,"showFog":true,"showSkybox":false,"showFlares":true,"showImageEffects":true,"showParticleSystems":true,"showVisualEffectGraphs":true,"m_FxEnabled":true},"in2DMode":false,"pivot":{"x":1.3200000524520875,"y":0.681999921798706,"z":-2.049999952316284},"rotation":{"x":0.46767956018447878,"y":0.17416560649871827,"z":-0.09455929696559906,"w":0.8614017367362976},"size":0.8660253882408142,"orthographic":false}